test,ch,rms_early,rms_late,kurt_late
1st_test,4,0.0,0.009302325581395349,8.855813953488372
3rd_test,0,0.0,0.0,0.37341772151898733
1st_test,1,0.0,0.0,0.9953488372093023
2nd_test,3,0.0,0.0,0.16326530612244897
1st_test,2,0.0,0.0,0.023255813953488372
1st_test,0,0.0,0.0,0.9813953488372092
1st_test,5,0.0,0.0,2.874418604651163
3rd_test,3,0.0,0.0,0.004746835443037975
3rd_test,1,0.0,0.0,0.0015822784810126582
1st_test,7,0.0,0.0,1.2325581395348837
2nd_test,0,0.0,0.030612244897959183,1.6938775510204083
3rd_test,2,0.0,0.006329113924050633,0.28164556962025317
2nd_test,2,0.0,0.0,0.12244897959183673
1st_test,3,0.0,0.0,0.13023255813953488
1st_test,6,0.0,0.0,1.3162790697674418
2nd_test,1,0.0,0.0,0.0
