,count,unique,top,freq,mean,min,25%,50%,75%,max,std
test,46480,3,3rd_test,25296,,,,,,,
snap,46480.0,,,,2162.060413080895,0.0,726.0,1608.0,3418.25,6323.0,1783.5041387258557
ts,46480,,,,2004-02-02 06:03:46.318502784,2003-10-22 12:06:24,2003-11-19 13:16:07,2004-03-07 22:57:46,2004-03-28 14:34:27,2004-04-18 02:42:55,
ch,46480.0,,,,2.242168674698795,0.0,1.0,2.0,3.0,7.0,1.915186484770377
rms,46480.0,,,,0.10247343074816949,0.0011971034377300067,0.06909953236709154,0.07941196004971203,0.1453035747104143,0.7587651856362374,0.04341784512793505
kurt,46480.0,,,,0.6358045288175093,-1.9355977146954875,0.15564420985757188,0.304797786169112,0.6664604487815438,71.57955780901875,1.7472212816413093
peak,46480.0,,,,0.5111072504302927,0.002,0.33,0.435,0.632,5.0,0.30276852184682057
crest,46480.0,,,,4.965613980653568,1.6145973626835026,4.338425495613296,4.741709649239817,5.26173611097364,25.948696927046875,1.2067898127329673
skew,46480.0,,,,0.02263636989622235,-2.542613044283284,-0.015220396102268777,0.015854482488809517,0.05616037517777853,2.1571230975501208,0.07951117769926604
p2p,46480.0,,,,0.8962021729776247,0.004,0.623,0.778,1.0550000000000002,9.998000000000001,0.5019427838897857
